{
  "QRI SPR BRAND_TOKEN 2.0 Login QR-i (WALLET)" : {
    "transaction" : "QRI SPR BRAND_TOKEN 2.0 Login QR-i (WALLET)",
    "sampleCount" : 300000,
    "errorCount" : 3432,
    "errorPct" : 1.144,
    "meanResTime" : 876.7888166666712,
    "medianResTime" : 900.0,
    "minResTime" : 5.0,
    "maxResTime" : 40152.0,
    "pct1ResTime" : 1600.0,
    "pct2ResTime" : 1901.0,
    "pct3ResTime" : 2800.0,
    "throughput" : 13.901444596418125,
    "receivedKBytesPerSec" : 4.877692768103028,
    "sentKBytesPerSec" : 5.226617353145486
  },
  "QRi SPR TARJETA PLANO 1.2 Agregar bines y consultar planes (WALLET)" : {
    "transaction" : "QRi SPR TARJETA PLANO 1.2 Agregar bines y consultar planes (WALLET)",
    "sampleCount" : 700000,
    "errorCount" : 679597,
    "errorPct" : 97.08529,
    "meanResTime" : 38.16706857142884,
    "medianResTime" : 16.0,
    "minResTime" : 1.0,
    "maxResTime" : 32598.0,
    "pct1ResTime" : 26.0,
    "pct2ResTime" : 31.0,
    "pct3ResTime" : 50.0,
    "throughput" : 612.7987393854504,
    "receivedKBytesPerSec" : 122.12457955577564,
    "sentKBytesPerSec" : 683.3614626876696
  },
  "QRI SPR BRAND_TOKEN 2.2 Agregar bines y consultar planes (WALLET)" : {
    "transaction" : "QRI SPR BRAND_TOKEN 2.2 Agregar bines y consultar planes (WALLET)",
    "sampleCount" : 300000,
    "errorCount" : 3542,
    "errorPct" : 1.1806667,
    "meanResTime" : 762.5279066666589,
    "medianResTime" : 795.0,
    "minResTime" : 5.0,
    "maxResTime" : 40071.0,
    "pct1ResTime" : 1500.0,
    "pct2ResTime" : 1899.0,
    "pct3ResTime" : 2700.0,
    "throughput" : 13.901329935601163,
    "receivedKBytesPerSec" : 12.94361197347786,
    "sentKBytesPerSec" : 15.905692106324414
  },
  "QRi SPR TARJETA PLANO 1.3 Realizar compra (WALLET)" : {
    "transaction" : "QRi SPR TARJETA PLANO 1.3 Realizar compra (WALLET)",
    "sampleCount" : 700000,
    "errorCount" : 679705,
    "errorPct" : 97.100716,
    "meanResTime" : 33.25363571428603,
    "medianResTime" : 16.0,
    "minResTime" : 1.0,
    "maxResTime" : 22293.0,
    "pct1ResTime" : 26.0,
    "pct2ResTime" : 31.0,
    "pct3ResTime" : 51.0,
    "throughput" : 613.2475487619407,
    "receivedKBytesPerSec" : 126.6527825642114,
    "sentKBytesPerSec" : 794.0548706118853
  },
  "Total" : {
    "transaction" : "Total",
    "sampleCount" : 3000000,
    "errorCount" : 2049204,
    "errorPct" : 68.3068,
    "meanResTime" : 237.50153533333284,
    "medianResTime" : 600.0,
    "minResTime" : 1.0,
    "maxResTime" : 40152.0,
    "pct1ResTime" : 1299.0,
    "pct2ResTime" : 1501.0,
    "pct3ResTime" : 2298.0,
    "throughput" : 132.01837167660253,
    "receivedKBytesPerSec" : 50.618075937228674,
    "sentKBytesPerSec" : 125.5319290076157
  },
  "QRi SPR TARJETA PLANO 1.0 Login QR-i (WALLET)" : {
    "transaction" : "QRi SPR TARJETA PLANO 1.0 Login QR-i (WALLET)",
    "sampleCount" : 700000,
    "errorCount" : 679410,
    "errorPct" : 97.05857,
    "meanResTime" : 40.32529142857248,
    "medianResTime" : 16.0,
    "minResTime" : 1.0,
    "maxResTime" : 32101.0,
    "pct1ResTime" : 26.0,
    "pct2ResTime" : 31.0,
    "pct3ResTime" : 51.0,
    "throughput" : 612.2739943618311,
    "receivedKBytesPerSec" : 111.53855062254051,
    "sentKBytesPerSec" : 230.20067170830566
  },
  "QRI SPR BRAND_TOKEN  2.3 Realizar compra (WALLET)" : {
    "transaction" : "QRI SPR BRAND_TOKEN  2.3 Realizar compra (WALLET)",
    "sampleCount" : 300000,
    "errorCount" : 3518,
    "errorPct" : 1.1726667,
    "meanResTime" : 474.9579733333308,
    "medianResTime" : 498.0,
    "minResTime" : 3.0,
    "maxResTime" : 40093.0,
    "pct1ResTime" : 901.0,
    "pct2ResTime" : 1199.0,
    "pct3ResTime" : 1700.0,
    "throughput" : 13.901271961750743,
    "receivedKBytesPerSec" : 16.406454165881634,
    "sentKBytesPerSec" : 20.684188010370722
  }
}